compartment	test	p.value	p.adj
Neurite	Wilcoxon	2.0829599745732923e-6	4.165919949146585e-6
Soma	Wilcoxon	0.0791683678320858	0.0791683678320858
