sign_loc	test	p.value	p.adj
Neurite	Wilcoxon	1.290416795853592e-5	2.580833591707184e-5
Soma	Wilcoxon	0.0371007837690817	0.0371007837690817
